Visited,Date visited,Place name,Type,State(s),Notes,Official page
,,Abraham Lincoln Birthplace,NHP,KY,,http://www.nps.gov/abli/
,,Acadia,NP,ME,,http://www.nps.gov/acad
,,Adams,NHP,MA,,http://www.nps.gov/adam
,,Admiralty Island,NM,AK,,https://www.fs.usda.gov/recarea/tongass/recarea/?recid=78614
,,African Burial Ground,NM,NY,,http://www.nps.gov/afbg/
,,Agate Fossil Beds,NM,NE,,http://www.nps.gov/agfo/
,,Agua Fria,NM,AZ,,https://www.blm.gov/visit/agua-fria
,,Alagnak,WR,AK,,http://www.nps.gov/alag/
,,Aleutian Islands World War II,NM,AK,,https://www.fws.gov/refuge/alaska_maritime/AleutianIslandsWWIIMonument.html
,,Alibates Flint Quarries,NM,TX,,http://www.nps.gov/alfl/
,,Allegheny Portage Railroad,NHS,PA,,http://www.nps.gov/alpo/
,,Amache,NHS,CO,,https://www.nps.gov/amch/
,,"American Samoa, National Park of",NP,AS,,http://www.nps.gov/npsa/
,,Amistad,NRA,TX,,http://www.nps.gov/amis/
,,Andersonville,NHS,GA,,http://www.nps.gov/ande/
,,Andrew Johnson,NHS,TN,,http://www.nps.gov/anjo/
,,Aniakchak,NM,AK,,http://www.nps.gov/ania/
,,Aniakchak,NPRES,AK,,https://www.nps.gov/ania/
,,Antietam,NB,MD,,http://www.nps.gov/anti/
,,Apostle Islands,NL,WI,,https://www.nps.gov/apis/
,,Appalachian,NST,ME to GA,,http://www.nps.gov/appa/
,,Appomattox Court House,NHP,VA,,http://www.nps.gov/apco/
,,Arches,NP,UT,,http://www.nps.gov/arch/
,,Arkansas Post,NMEM,AR,,http://www.nps.gov/arpo/
,,"Arlington House, the Robert E. Lee Memorial",NMEM,VA,,http://www.nps.gov/arho/
,,Assateague Island,NS,"MD, VA",,http://www.nps.gov/asis/
,,Avi Kwa Ame,NM,NV,,https://www.blm.gov/avi-kwa-ame-national-monument
,,Aztec Ruins,NM,NM,,http://www.nps.gov/azru/
,,Badlands,NP,SD,,http://www.nps.gov/badl/
,,Bandelier,NM,NM,,http://www.nps.gov/band/
,,Basin and Range,NM,NV,,https://www.blm.gov/programs/national-conservation-lands/nevada/basin-and-range-national-monument
,,Bears Ears,NM,UT,,https://www.blm.gov/visit/bears-ears-national-monument
,,Beaver Dam Wash,NCA,UT,,https://www.blm.gov/visit/beaver-dam-wash-nca
,,Belmont-Paul Womens Equality,NM,DC,,https://www.nps.gov/bepa/
,,Bent’s Old Fort,NHS,CO,,http://www.nps.gov/beol/
,,Bering Land Bridge,NPRES,AK,,http://www.nps.gov/bela/
,,Berryessa Snow Mountain,NM,CA,,https://www.blm.gov/programs/national-conservation-lands/california/berryessa-snow-mountain-national-monument
,,Big Bend,NP,TX,,http://www.nps.gov/bibe/
,,Big Cypress,NPRES,FL,,http://www.nps.gov/bicy/
,,Big Hole,NB,MT,,http://www.nps.gov/biho
,,Big South Fork,NRRA,"TN, KY",,http://www.nps.gov/biso/
,,Big Thicket,NPRES,TX,,http://www.nps.gov/bith/
,,Bighorn Canyon,NRA,"WY, MT",,https://www.nps.gov/bica/
,,Birmingham Civil Rights,NM,AL,,https://www.nps.gov/bicr
,,Biscayne,NP,FL,,http://www.nps.gov/bisc/
,,Black Canyon of the Gunnison,NP,CO,,http://www.nps.gov/blca/
,,Black Rock Desert-High Rock Canyon Emigrant Trails,NCA,NV,,https://www.blm.gov/visit/black-rock-high-rock-emigrant-trails-nca
,,Blackstone River Valley,NHP,"MA, RI",,https://www.nps.gov/blac/
,,Blackwell School,NHS,TX,,https://nps.gov/blsc/
,,Blue Ridge,PKWY,"VA, NC",,http://www.nps.gov/blri/
,,Bluestone,NSR,WV,,https://www.nps.gov/blue/
,,Booker T. Washington,NM,VA,,http://www.nps.gov/bowa/
,,Boston,NHP,MA,,http://www.nps.gov/bost/
,,Boston African American,NHS,MA,,http://www.nps.gov/boaf/
,,Boston Harbor Islands,NRA,MA,,http://www.nps.gov/boha/
,,Brices Cross Roads,NBS,MS,,http://www.nps.gov/brcr/
,,Brown v. Board of Education,NHS,KS,,http://www.nps.gov/brvb/
,,Browns Canyon,NM,CO,,https://www.fs.fed.us/visit/browns-canyon-national-monument
,,Bryce Canyon,NP,UT,,http://www.nps.gov/brca/
,,Buck Island Reef,NM,VI,,http://www.nps.gov/buis/
,,Buffalo,NR,AR,,http://www.nps.gov/buff/
,,Cabrillo,NM,CA,,http://www.nps.gov/cabr/
,,California Coastal,NM,CA,,https://www.blm.gov/programs/national-conservation-lands/california/california-coastal
,,Camp Hale-Continental Divide,NM,CO,,
,,Camp Nelson,NM,KY,,https://www.nps.gov/cane/
,,Canaveral,NS,FL,,http://www.nps.gov/cana/
,,Cane River Creole,NHP,LA,,http://www.nps.gov/cari/
,,Canyon de Chelly,NM,AZ,,http://www.nps.gov/cach/
,,Canyonlands,NP,UT,,http://www.nps.gov/cany/
,,Canyons of the Ancients,NM,CO,,https://www.blm.gov/programs/national-conservation-lands/colorado/canyons-of-the-ancients
,,Cape Cod,NS,MA,,http://www.nps.gov/caco
,,Cape Hatteras,NS,NC,,http://www.nps.gov/caha/
,,Cape Krusenstern,NM,AK,,http://www.nps.gov/cakr/
,,Cape Lookout,NS,NC,,http://www.nps.gov/calo/
,,Capitol Reef,NP,UT,,http://www.nps.gov/care/
,,Capulin Volcano,NM,NM,,http://www.nps.gov/cavo/
,,Carl Sandburg Home,NHS,NC,,http://www.nps.gov/carl/
,,Carlisle Federal Indian Boarding School,NM,PA,,https://nps.gov/cibs/
,,Carlsbad Caverns,NP,NM,,http://www.nps.gov/cave/
,,Carrizo Plain,NM,CA,,https://www.blm.gov/programs/national-conservation-lands/california/carrizo-plain-national-monument
,,Carter G. Woodson Home,NHS,DC,,http://www.nps.gov/cawo/
,,Casa Grande Ruins,NM,AZ,,http://www.nps.gov/cagr/
,,Cascade–Siskiyou,NM,OR,,https://www.blm.gov/programs/national-conservation-lands/national-monuments/oregon-washington/cascade-siskiyou
,,Castillo de San Marcos,NM,FL,,http://www.nps.gov/casa/
,,Castle Clinton,NM,NY,,http://www.nps.gov/cacl/
,,Castle Mountains,NM,CA,,https://www.nps.gov/camo/
,,Castner Range,NM,TX,,
,,Catoctin Mountain,P,MD,,http://www.nps.gov/cato/
,,Cedar Breaks,NM,UT,,http://www.nps.gov/cebr/
,,Cedar Creek and Belle Grove,NHP,VA,,http://www.nps.gov/cebe/
,,Chaco Culture,NHP,NM,,http://www.nps.gov/chcu/
,,Chamizal,NMEM,TX,,http://www.nps.gov/cham/
,,Channel Islands,NP,CA,,http://www.nps.gov/chis/
,,Charles Pinckney,NHS,SC,,http://www.nps.gov/chpi/
,,Charles Young Buffalo Soldiers,NM,OH,,https://www.nps.gov/chyo/
,,Chattahoochee River,NRA,GA,,http://www.nps.gov/chat/
,,Chesapeake & Ohio Canal,NHP,"MD, DC",,http://www.nps.gov/choh/
,,Chickamauga & Chattanooga,NMP,"GA, TN",,http://www.nps.gov/chch/
,,Chickasaw,NRA,OK,,http://www.nps.gov/chic/
,,Chimney Rock,NM,CO,,https://www.fs.fed.us/visit/destination/chimney-rock-national-monument
,,Chiricahua,NM,AZ,,http://www.nps.gov/chir/
,,Christiansted,NHS,VI,,http://www.nps.gov/chri/
,,Chuckwalla,NM,CA,,https://www.blm.gov/programs/national-conservation-lands/california/chuckwalla
,,City of Rocks,NRES,ID,,http://www.nps.gov/ciro/
,,Clara Barton,NHS,MD,,http://www.nps.gov/clba/
,,Colonial,NHP,VA,,http://www.nps.gov/colo/
,,Colorado,NM,CO,,http://www.nps.gov/colm/
,,Congaree,NP,SC,,http://www.nps.gov/cosw/
,,Constitution Gardens,–,DC,,http://www.nps.gov/coga/
,,Coronado,NMEM,AZ,,http://www.nps.gov/coro/
,,Cowpens,NB,SC,,http://www.nps.gov/cowp/
,,Crater Lake,NP,OR,,http://www.nps.gov/crla/
,,Craters of the Moon,NPRES,ID,,https://www.nps.gov/crmo/
,,Craters of the Moon (BLM),NM,ID,,https://www.blm.gov/programs/national-conservation-lands/idaho/craters-of-the-moon
,,Craters of the Moon (NPS),NM,ID,,http://www.nps.gov/crmo/
,,Cumberland Gap,NHP,"KY, VA, TN",,http://www.nps.gov/cuga/
,,Cumberland Island,NS,GA,,http://www.nps.gov/cuis/
,,Curecanti,NRA,CO,,http://www.nps.gov/cure/
,,Cuyahoga Valley,NP,OH,,http://www.nps.gov/cuva/
,,César E. Chávez,NM,CA,,https://www.nps.gov/cech/
,,Dayton Aviation Heritage,NHP,OH,,http://www.nps.gov/daav/
,,De Soto,NMEM,FL,,http://www.nps.gov/deso/
,,Death Valley,NP,"CA, NV",,http://www.nps.gov/deva/
,,Delaware Water Gap,NRA,"PA, NJ",,http://www.nps.gov/dewa/
,,Denali,NP,AK,,http://www.nps.gov/dena/
,,Denali,NPRES,AK,,https://www.nps.gov/dena/
,,Devil’s Postpile,NM,CA,,http://www.nps.gov/depo/
,,Devil’s Tower,NM,WY,,https://www.nps.gov/deto/
,,Dinosaur,NM,"UT, CO",,http://www.nps.gov/dino/
,,Dominguez-Escalante,NCA,CO,,https://www.blm.gov/programs/national-conservation-lands/colorado/dominguez-escalante-nca
,,Dry Tortugas,NP,FL,,http://www.nps.gov/drto/
,,Dwight D Eisenhower Memorial,NMEM,DC,,https://www.nps.gov/ddem
,,Ebey’s Landing,NHRES,WA,,http://www.nps.gov/ebla/
,,Edgar Allen Poe,NHS,PA,,http://www.nps.gov/edal/
,,Effigy Mounds,NM,IA,,http://www.nps.gov/efmo/
,,Eisenhower,NHS,PA,,http://www.nps.gov/eise/
,,El Malpais,NM,NM,,http://www.nps.gov/elma/
,,El Malpais,NCA,NM,,https://www.blm.gov/visit/el-malpais-nca
,,El Morro,NM,NM,,http://www.nps.gov/elmo/
,,Eleanor Roosevelt,NHS,NY,,http://www.nps.gov/elro/
,,Emmett Till and Mamie Till-Mobley,NM,"IL, MS",,https://www.nps.gov/till/index.htm
,,Eugene O’Neill,NHS,CA,,http://www.nps.gov/euon/
,,Everglades,NP,FL,,http://www.nps.gov/ever/
,,Federal Hall,NMEM,NY,,http://www.nps.gov/feha/
,,Fire Island,NS,NY,,http://www.nps.gov/fiis/
,,First Ladies,NHS,OH,,http://www.nps.gov/fila/
,,First State,NHP,DE,,https://www.nps.gov/frst/
,,Flight 93,NMEM,PA,,http://www.nps.gov/flni/
,,Florissant Fossil Beds,NM,CO,,http://www.nps.gov/flfo/
,,Ford’s Theatre,NHS,DC,,http://www.nps.gov/foth/
,,Fort Bowie,NHS,AZ,,http://www.nps.gov/fobo/
,,Fort Caroline,NMEM,FL,,http://www.nps.gov/foca/
,,Fort Davis,NHS,TX,,http://www.nps.gov/foda/
,,Fort Donelson,NB,"TN, KY",,http://www.nps.gov/fodo/
,,Fort Frederica,NM,GA,,http://www.nps.gov/fofr/
,,Fort Laramie,NHS,WY,,https://www.nps.gov/fola/
,,Fort Larned,NHS,KS,,http://www.nps.gov/fols/
,,Fort Matanzas,NM,FL,,http://www.nps.gov/foma/
,,Fort McHenry,NM&HisShr,MD,,http://www.nps.gov/fomc/
,,Fort Monroe,NM,VA,,http://www.nps.gov/fomr
,,Fort Necessity,NB,PA,,http://www.nps.gov/fone/
,,Fort Ord,NM,CA,,https://www.blm.gov/programs/national-conservation-lands/california/fort-ord-national-monument
,,Fort Point,NHS,CA,,http://www.nps.gov/fopo/
,,Fort Pulaski,NM,GA,,http://www.nps.gov/fopu/
,,Fort Raleigh,NHS,NC,,http://www.nps.gov/fora/
,,Fort Scott,NHS,KS,,http://www.nps.gov/fosc/
,,Fort Smith,NHS,AR,,http://www.nps.gov/fosm/
,,Fort Stanton-Snowy River Cave,NCA,NM,,https://www.blm.gov/visit/fort-stanton-snowy-river-cave-nca
,,Fort Stanwix,NM,NY,,http://www.nps.gov/fost/
,,Fort Sumter and Fort Moultrie,NHP,SC,,http://www.nps.gov/fosu
,,Fort Union,NM,NM,,http://www.nps.gov/foun/
,,Fort Union Trading Post,NHS,ND,,http://www.nps.gov/fous/
,,Fort Vancouver,NHS,"WA, OR",,https://www.nps.gov/fova/
,,Fort Washington,P,MD,,http://www.nps.gov/fowa/
,,Fossil Butte,NM,WY,,https://www.nps.gov/fobu/
,,Frances Perkins,NM,ME,,https://nps.gov/frpe/
,,Franklin Delano Roosevelt Memorial,NMEM,DC,,http://www.nps.gov/frde/
,,Frederick Douglass,NHS,DC,,http://www.nps.gov/frdo/
,,Frederick Law Olmsted,NHS,MA,,http://www.nps.gov/frla/
,,Fredericksburg & Spotsylvania County Battlefields Memorial,NMP,VA,,http://www.nps.gov/frsp/
,,Freedom Riders,NM,AL,,https://www.nps.gov/frri/
,,Friendship Hill,NHS,PA,,http://www.nps.gov/frhi/
,,Gates of the Arctic,NP,AK,,http://www.nps.gov/gaar/
,,Gates of the Arctic,NPRES,AK,,https://www.nps.gov/gaar/
,,Gateway,NRA,"NY, NJ",,http://www.nps.gov/gate/
,,Gateway Arch,NP,MO,,https://www.nps.gov/jeff/
,,Gauley River,NRA,WV,,https://www.nps.gov/gari/
,,General Grant,NMEM,NY,,http://www.nps.gov/gegr/
,,George Rogers Clark,NHP,IN,,http://www.nps.gov/gero/
,,George Washington Birthplace,NM,VA,,http://www.nps.gov/gewa/
,,George Washington Carver,NM,MO,,http://www.nps.gov/gwca/
,,George Washington Memorial,PKWY,"VA, MD, DC",,http://www.nps.gov/gwmp/
,,Gettysburg,NMP,PA,,http://www.nps.gov/gett/
,,Giant Sequoia,NM,CA,,https://www.fs.usda.gov/detail/sequoia/home/?cid=stelprdb5394941
,,Gila Box Riparian,NCA,AZ,,https://www.blm.gov/national-conservation-lands/arizona/gilabox
,,Gila Cliff Dwellings,NM,NM,,http://www.nps.gov/gicl/
,,Glacier,NP,MT,,http://www.nps.gov/glac/
,,Glacier Bay,NP,AK,,http://www.nps.gov/glba/
,,Glacier Bay,NPRES,AK,,https://www.nps.gov/glba/
,,Glen Canyon,NRA,"AZ, UT",,http://www.nps.gov/glca/
,,Gold Butte,NM,NV,,https://www.blm.gov/programs/national-conservation-lands/nevada/gold-butte
,,Golden Gate,NRA,CA,,http://www.nps.gov/goga/
,,Golden Spike,NHP,UT,,http://www.nps.gov/gosp/
,,Governor’s Island,NM,NY,,http://www.nps.gov/gois/
,,Grand Canyon,NP,AZ,,http://www.nps.gov/grca/
,,Grand Canyon-Parashant,NM,AZ,,https://www.blm.gov/office/grand-canyon-parashant-national-monument
,,Grand Portage,NM,MN,,http://www.nps.gov/grpo/
,,Grand Staircase-Escalante,NM,UT,,https://www.blm.gov/programs/national-conservation-lands/utah/grand-staircase-escalante-national-monument
,,Grand Teton,NP,WY,,https://www.nps.gov/grte/
,,Grant-Kohrs Ranch,NHS,MT,,http://www.nps.gov/grko/
,,Great Basin,NP,NV,,http://www.nps.gov/grba/
,,Great Egg Harbor,S&RR,NJ,,http://www.nps.gov/greg/
,,Great Sand Dunes,NP,CO,,http://www.nps.gov/grsa/
,,Great Sand Dunes,NPRES,CO,,https://www.nps.gov/grsa/
,,Great Smoky Mountains,NP,"TN, NC",,http://www.nps.gov/grsm/
,,Greenbelt,P,MD,,http://www.nps.gov/gree/
,,Guadalupe Mountains,NP,TX,,http://www.nps.gov/gumo/
,,Guilford Courthouse,NMP,NC,,http://www.nps.gov/guco/
,,Gulf Islands,NS,"MS, FL",,http://www.nps.gov/guis/
,,Gunnison Gorge,NCA,CO,,https://www.blm.gov/programs/national-conservation-lands/colorado/gunnison-gorge-nca
,,Hagerman Fossil Beds,NM,ID,,http://www.nps.gov/hafo/
,,Haleakalā,NP,HI,,http://www.nps.gov/hale/
,,Hamilton Grange,NMEM,NY,,http://www.nps.gov/hagr/
,,Hampton,NHS,MD,,http://www.nps.gov/hamp/
,,Hanford Reach,NM,WA,,https://www.fws.gov/refuge/hanford_reach/
,,Harpers Ferry,NHP,"WV, MD, VA",,https://www.nps.gov/hafe/
,,Harriet Tubman,NHP,NY,,http://nps.gov/hart
,,Harriet Tubman Underground Railroad,NM,MD,,https://www.nps.gov/hatu/
,,Harriet Tubman Underground Railroad,NHP,MD,,https://www.nps.gov/hatu/index.htm
,,Harry S Truman,NHS,MO,,http://www.nps.gov/hstr/
,,Hawaii Volcanoes,NP,HI,,http://www.nps.gov/havo/
,,Herbet Hoover,NHS,IA,,http://www.nps.gov/heho/
,,Hohokam Pima,NM,AZ,,http://www.nps.gov/pima/
,,Home of Franklin D. Roosevelt,NHS,NY,,http://www.nps.gov/hofr/
,,Homestead National Monument of America,NM,NE,,http://www.nps.gov/home/
,,Honouliuli,NHS,HI,,https://www.nps.gov/hono/
,,Hopewell Culture,NHP,OH,,http://www.nps.gov/hocu/
,,Hopewell Furnace,NHS,PA,,http://www.nps.gov/hofu/
,,Horseshoe Bend,NMP,AL,,http://www.nps.gov/hobe/
,,Hot Springs,NP,AR,,http://www.nps.gov/hosp/
,,Hovenweep,NM,UT,,http://www.nps.gov/hove/
,,Hubbell Trading Post,NHS,AZ,,http://www.nps.gov/hutr/
,,Ice Age,NST,WI,,https://www.nps.gov/iatr/
,,Independence,NHP,PA,,http://www.nps.gov/inde/
,,Indiana Dunes,NP,IN,,http://www.nps.gov/indu/
,,Ironwood Forest,NM,AZ,,https://www.blm.gov/visit/ironwood
,,Isle Royale,NP,MI,,http://www.nps.gov/isro/
,,James A. Garfield,NHS,OH,,http://www.nps.gov/jaga/
,,Jean Lafitte,NHP&P,LA,,http://www.nps.gov/jela/
,,Jewel Cave,NM,SD,,http://www.nps.gov/jeca/
,,Jimmy Carter,NHS,GA,,http://www.nps.gov/jica/
,,"John D. Rockefeller, Jr. Memorial",PKWY,WY,,https://www.nps.gov/grte/planyourvisit/jodr.htm
,,John Day Fossil Beds,NM,OR,,http://www.nps.gov/joda/
,,John Fitzgerald Kennedy,NHS,MA,,http://www.nps.gov/jofi/
,,John Muir,NHS,CA,,http://www.nps.gov/jomu/
,,John Wesley Powell,NCA,UT,,https://www.blm.gov/documents/utah/public-room/map/john-wesley-powell-national-conservation-area
,,Johnstown Flood,NMEM,PA,,http://www.nps.gov/jofl/
,,Joshua Tree,NP,CA,,http://www.nps.gov/jotr/
,,Jurassic,NM,UT,,https://www.blm.gov/learn/interpretive-centers/cleveland-lloyd-dinosaur-quarry
,,Kalaupapa,NHP,HI,,http://www.nps.gov/kala/
,,Kaloko-Honokōhau,NHP,HI,,http://www.nps.gov/kaho/
,,Kasha-Katuwe Tent Rocks,NM,NM,,https://www.blm.gov/visit/kktr
,,Katahdin Woods and Waters,NM,ME,,http://nps.gov/kaww
,,Katmai,NP,AK,,http://www.nps.gov/katm/
,,Katmai,NPRES,AK,,https://www.nps.gov/katm/
,,Kenai Fjords,NP,AK,,http://www.nps.gov/kefj/
,,Kennesaw Mountain,NBP,GA,,http://www.nps.gov/kemo/
,,Keweenaw,NHP,MI,,http://www.nps.gov/kewe/
,,King Range,NCA,CA,,https://www.blm.gov/programs/national-conservation-lands/california/king-range-national-conservation-area
,,Kings Canyon,NP,CA,,http://www.nps.gov/seki/
,,King’s Mountain,NMP,SC,,http://www.nps.gov/kimo/
,,Klondike Gold Rush,NHP,"AK, WA",,http://www.nps.gov/klse/
,,Knife River Indian Villages,NHS,ND,,http://www.nps.gov/knri/
,,Kobuk Valley,NP,AK,,http://www.nps.gov/kova/
,,Korean War Veterans,NMEM,DC,,http://www.nps.gov/kowa/
,,Lake Chelan,NRA,WA,,http://www.nps.gov/lach/
,,Lake Clark,NP,AK,,http://www.nps.gov/lacl/
,,Lake Clark,NPRES,AK,,https://www.nps.gov/lacl/
,,Lake Mead,NRA,"NV, AZ",,http://www.nps.gov/lame/
,,Lake Meredith,NRA,TX,,http://www.nps.gov/lamr/
,,Lake Roosevelt,NRA,WA,,http://www.nps.gov/laro/
,,Las Cienegas,NCA,AZ,,https://www.blm.gov/visit/las-cienegas
,,Lassen Volcanic,NP,CA,,http://www.nps.gov/lavo/
,,Lava Beds,NM,CA,,http://www.nps.gov/labe/
,,Lewis and Clark,NHP,"OR, WA",,http://www.nps.gov/lewi/
,,Lincoln Boyhood,NMEM,IN,,http://www.nps.gov/libo/
,,Lincoln Home,NHS,IL,,http://www.nps.gov/liho/
,,Lincoln Memorial,NMEM,DC,,http://www.nps.gov/linc/
,,Little Bighorn Battlefield,NM,MT,,http://www.nps.gov/libi/
,,Little River Canyon,NPRES,AL,,http://www.nps.gov/liri/
,,Little Rock Central High School,NHS,AR,,http://www.nps.gov/chsc/
,,Longfellow – Washington’s Headquarters,NHS,MA,,http://www.nps.gov/long/
,,Lowell,NHP,MA,,http://www.nps.gov/lowe/
,,Lyndon B. Johnson,NHP,TX,,http://www.nps.gov/lyjo/
,,Lyndon Baines Johnson Memorial Grove on the Potomac,NMEM,VA,,http://www.nps.gov/lyba/
,,Maggie L. Walker,NHS,VA,,http://www.nps.gov/mawa/
,,Mammoth Cave,NP,KY,,http://www.nps.gov/maca/
,,Manassas,NBP,VA,,http://www.nps.gov/mana/
,,Manhattan Project,NHP,"TN, NM, WA",,https://www.nps.gov/mapr/
,,Manzanar,NHS,CA,,http://www.nps.gov/manz/
,,Marsh-Billings-Rockefeller,NHP,VT,,http://www.nps.gov/mabi/
,,"Martin Luther King, Jr.",NMEM,DC,,http://www.nps.gov/mlkm
,,"Martin Luther King, Jr.",NHS,GA,,http://www.nps.gov/malu/
,,Martin Van Buren,NHS,NY,,http://www.nps.gov/mava/
,,Mary McLeod Bethune Council House,NHS,DC,,http://www.nps.gov/mamc/
,,McInnis Canyons,NCA,CO,,https://www.blm.gov/programs/national-conservation-lands/colorado/mcinnis-canyons
,,Mesa Verde,NP,CO,,http://www.nps.gov/meve/
,,Middle Delaware,NSR,"PA, NJ",,http://www.nps.gov/DEWA/
,,Military Working Dog Teams,NM,TX,,https://myairmanmuseum.org/military-working-dogs/
,,Mill Springs Battlefield,NM,KY,,https://nps.gov/misp
,,Minidoka,NHS,"ID, WA",,http://www.nps.gov/miin/
,,Minute Man,NHP,MA,,http://www.nps.gov/mima/
,,Minuteman Missile,NHS,SD,,http://www.nps.gov/mimi/
,,Mississippi,NRRA,MN,,http://www.nps.gov/miss/
,,Missouri,NRR,"SD, NE",,http://www.nps.gov/mnrr/
,,Misty Fjords,NM,AK,,https://www.fs.fed.us/visit/destination/misty-fjords-national-monument
,,Mojave,NPRES,CA,,http://www.nps.gov/moja/
,,Mojave Trails,NM,CA,,https://www.blm.gov/programs/national-conservation-lands/california/mojave-trails-national-monument
,,Monocacy,NB,MD,,http://www.nps.gov/mono/
,,Montezuma Castle,NM,AZ,,http://www.nps.gov/moca/
,,Moores Creek,NB,NC,,http://www.nps.gov/mocr/
,,Morley Nelson Snake River Birds of Prey,NCA,ID,,https://www.blm.gov/programs/national-conservation-lands/idaho/morley-nelson-snake-river-birds-of-prey
,,Morristown,NHP,NJ,,http://www.nps.gov/morr/
,,Mount Rainier,NP,WA,,http://www.nps.gov/mora/
,,Mount Rushmore,NMEM,SD,,http://www.nps.gov/moru/
,,Mount St. Helens,NVM,WA,,https://www.fs.usda.gov/visit/national-monuments/mount-st-helens
,,Muir Woods,NM,CA,,http://www.nps.gov/muwo/
,,Natchez,NHP,MS,,http://www.nps.gov/natc/
,,Natchez Trace,NST,"MS, AL, TN",,http://www.nps.gov/natt/
,,Natchez Trace,PKWY,"MS, AL, TN",,http://www.nps.gov/natr/
,,National Capital Parks,P,"DC, MD",,http://www.nps.gov/nace/
,,National Mall,–,DC,,http://www.nps.gov/mall/
,,Natural Bridges,NM,UT,,http://www.nps.gov/nabr/
,,Navajo,NM,AZ,,http://www.nps.gov/nava/
,,New Bedford Whaling,NHP,MA,,http://www.nps.gov/nebe/
,,New England,NST,"MA, CT",,https://www.nps.gov/neen/
,,New Orleans Jazz,NHP,LA,,http://www.nps.gov/jazz/
,,New Philadelphia,NHS,IL,,https://www.nps.gov/neph/
,,New River Gorge,NR,WV,,https://www.nps.gov/neri/
,,Newberry,NVM,OR,,https://www.fs.usda.gov/recarea/deschutes/recarea/?recid=66159
,,Nez Perce,NHP,"ID, MT, OR, WA",,http://www.nps.gov/nepe/
,,Nicodemus,NHS,KS,,http://www.nps.gov/nico/
,,Ninety-Six,NHS,SC,,http://www.nps.gov/nisi/
,,Niobrara,NSR,NE,,http://www.nps.gov/niob/
,,Noatak,NPRES,AK,,http://www.nps.gov/noat/
,,North Cascades,NP,WA,,http://www.nps.gov/noca/
,,North Country,NST,"VT, NY, PA, OH, MI, WI, MN, ND",,https://www.nps.gov/noco
,,Obed,WSR,TN,,http://www.nps.gov/obed/
,,Ocmulgee Mounds,NHP,GA,,http://www.nps.gov/ocmu
,,Olympic,NP,WA,,http://www.nps.gov/olym/
,,Oregon Caves,NM,OR,,http://www.nps.gov/orca/
,,Organ Mountains-Desert Peaks,NM,NM,,https://www.blm.gov/programs/national-conservation-lands/new-mexico/organ-mountains-desert-peaks-national-monument
,,Organ Pipe Cactus,NM,AZ,,http://www.nps.gov/orpi/
,,Ozark,NSRW,MO,,http://www.nps.gov/ozar/
,,Padre Island,NS,TX,,http://www.nps.gov/pais/
,,Palo Alto Battlefield,NHP,TX,,http://www.nps.gov/paal/
,,Paterson Great Falls,NHP,NJ,,http://www.nps.gov/pagr
,,Pea Ridge,NMP,AR,,http://www.nps.gov/peri/
,,Pearl Harbor,NMEM,HI,,https://www.nps.gov/valr/index.htm
,,Pecos,NHP,NM,,http://www.nps.gov/peco/
,,Pennsylvania Avenue,NHS,DC,,http://www.nps.gov/paav/
,,Perry’s Victory and International Peace Memorial,NMEM,OH,,http://www.nps.gov/pevi/
,,Petersburg,NB,VA,,http://www.nps.gov/pete/
,,Petrified Forest,NP,AZ,,http://www.nps.gov/pefo/
,,Petroglyph,NM,NM,,http://www.nps.gov/petr/
,,Pictured Rocks,NL,MI,,http://www.nps.gov/piro/
,,Pinnacles,NP,CA,,http://www.nps.gov/pinn/
,,Pipe Spring,NM,AZ,,http://www.nps.gov/pisp/
,,Pipestone,NM,MN,,http://www.nps.gov/pipe/
,,Piscataway,P,MD,,http://www.nps.gov/pisc/
,,Point Reyes,NS,CA,,http://www.nps.gov/pore/
,,Pompeys Pillar,NM,MT,,https://www.blm.gov/visit/pompeys-pillar-national-monument
,,Port Chicago,NMEM,CA,,http://www.nps.gov/poch/
,,Potomac Heritage,NST,"MD, DC, VA, PA",,http://www.nps.gov/pohe/
,,Poverty Point,NM,LA,,http://www.nps.gov/popo/
,,Prehistoric Trackways,NM,NM,,https://www.blm.gov/visit/ptnm
,,President Lincoln and Soldiers’ Home,NM,DC,,https://www.nps.gov/nr/travel/presidents/lincoln_cottage.html
,,President William Jefferson Clinton Birthplace Home,NHS,AR,,https://www.nps.gov/wicl/
,,Prince William Forest,P,VA,,http://www.nps.gov/prwi/
,,Pullman,NHP,IL,,https://www.nps.gov/pull/
,,Pu’uhonua o Hōnaunau,NHP,HI,,http://www.nps.gov/puho/
,,Pu’ukoholā Heiau,NHS,HI,,http://www.nps.gov/puhe/
,,Rainbow Bridge,NM,UT,,http://www.nps.gov/rabr/
,,Reconstruction Era,NHP,SC,,https://www.nps.gov/reer/
,,Red Cliffs,NCA,UT,,https://www.blm.gov/programs/national-conservation-lands/utah/red-cliffs-nca
,,Red Rock Canyon,NCA,NV,,https://www.blm.gov/programs/national-conservation-lands/nevada/red-rock-canyon
,,Redwood,NP,CA,,http://www.nps.gov/redw/
,,Richmond,NBP,VA,,http://www.nps.gov/rich/
,,Rio Grande,WSR,TX,,http://www.nps.gov/rigr/
,,River Raisin,NBP,MI,,http://www.nps.gov/rira
,,Rock Creek,P,DC,,http://www.nps.gov/rocr/
,,Rocky Mountain,NP,CO,,http://www.nps.gov/romo/
,,Roger Williams,NMEM,RI,,http://www.nps.gov/rowi/
,,Rosie the Riveter World War II Home Front,NHP,CA,,http://www.nps.gov/rori
,,Ross Lake,NRA,WA,,http://www.nps.gov/rola/
,,Russel Cave,NM,AL,,http://www.nps.gov/ruca/
,,Río Grande del Norte,NM,NM,,https://www.blm.gov/visit/rgdnnm
,,Sagamore Hill,NHS,NY,,http://www.nps.gov/sahi/
,,Saguaro,NP,AZ,,http://www.nps.gov/sagu/
,,Saint Croix,NSR,WI,,https://www.nps.gov/sacn/
,,Saint Croix Island,IHS,ME,,http://www.nps.gov/sacr/
,,Saint Paul’s Church,NHS,NY,,http://www.nps.gov/sapa/
,,Saint-Gaudens,NHP,NH,,http://www.nps.gov/saga/
,,Sainte Geneviève,NHP,MO,,http://www.nps.gov/stge/
,,Salem Maritime,NHS,MA,,http://www.nps.gov/sama/
,,Salinas Pueblo Missions,NM,NM,,http://www.nps.gov/sapu/
,,Salt River Bay,NHP&EP,VI,,http://www.nps.gov/sari/
,,San Antonio Missions,NHP,TX,,http://www.nps.gov/saan/
,,San Francisco Maritime,NHP,CA,,http://www.nps.gov/safr/
,,San Gabriel Mountains,NM,CA,,https://www.fs.fed.us/visit/san-gabriel-mountains-national-monument
,,San Juan,NHS,PR,,http://www.nps.gov/saju/
,,San Juan Island,NHP,WA,,https://www.nps.gov/sajh/
,,San Juan Islands,NM,WA,,https://www.blm.gov/or/resources/recreation/sanjuans/
,,San Pedro Riparian,NCA,AZ,,https://www.blm.gov/visit/san-pedro
,,Sand Creek Massacre,NHS,CO,,http://www.nps.gov/sand/
,,Sand to Snow,NM,CA,,https://www.blm.gov/visit/sand-to-snow-national-monument
,,Santa Monica Mountains,NRA,CA,,http://www.nps.gov/samo/
,,Santa Rosa and San Jacinto Mountains,NM,CA,,https://www.blm.gov/visit/santa-rosa-san-jacinto-mountains-national-monument
,,Saratoga,NHP,NY,,http://www.nps.gov/sara/
,,Saugus Iron Works,NHS,MA,,http://www.nps.gov/sair/
,,Scotts Bluff,NM,NE,,http://www.nps.gov/scbl/
,,Sequoia,NP,CA,,http://www.nps.gov/seki/
,,Shenandoah,NP,VA,,http://www.nps.gov/shen/
,,Shiloh,NMP,"TN, MS",,http://www.nps.gov/shil/
,,Sitka,NHP,AK,,http://www.nps.gov/sitk/
,,Sleeping Bear Dunes,NL,MI,,http://www.nps.gov/slbe/
,,Sloan Canyon,NCA,NV,,https://www.blm.gov/programs/national-conservation-lands/nevada/sloan-canyon-nca
,,Sonoran Desert,NM,AZ,,https://www.blm.gov/visit/sonoran-desert
,,Springfield 1908 Race Riot,NM,IL,,https://www.nps.gov/spra
,,Springfield Armory,NHS,MA,,http://www.nps.gov/spar/
,,St Francis Dam Disaster,NM,CA,,https://roadtrippers.com/magazine/st-francis-dam-disaster-monument/
,,Statue of Liberty,NM,"NY, NJ",,http://www.nps.gov/stli/
,,Steamtown,NHS,PA,,http://www.nps.gov/stea/
,,Steese,NCA,AK,,https://www.blm.gov/programs/national-conservation-lands/alaska/steese
,,Stones River,NB,TN,,http://www.nps.gov/stri/
,,Stonewall,NM,NY,,https://www.nps.gov/ston/index.htm
,,Sunset Crater Volcano,NM,AZ,,http://www.nps.gov/sucr/
,,Sáttítla Highlands,NM,CA,,https://www.fs.usda.gov/visit/national-monuments/sattitla-highlands-national-monument
,,Tallgrass Prairie,NPRES,KS,,http://www.nps.gov/tapr/
,,Thaddeus Kosciuszko,NMEM,PA,,http://www.nps.gov/thko/
,,The White House,–,DC,,http://www.nps.gov/whho/
,,Theodore Roosevelt,NP,ND,,http://www.nps.gov/thro/
,,Theodore Roosevelt Birthplace,NHS,NY,,http://www.nps.gov/thrb/
,,Theodore Roosevelt Inaugural,NHS,NY,,http://www.nps.gov/thri/
,,Theodore Roosevelt Island,NMEM,DC,,http://www.nps.gov/this/
,,Thomas Edison,NHP,NJ,,http://www.nps.gov/edis/
,,Thomas Jefferson Memorial,NMEM,DC,,http://www.nps.gov/thje/
,,Thomas Stone,NHS,MD,,http://www.nps.gov/thst/
,,Timpanogos Cave,NM,UT,,http://www.nps.gov/tica/
,,Timucuan,EHP,FL,,http://www.nps.gov/timu/
,,Tonto,NM,AZ,,http://www.nps.gov/tont/
,,Tule Lake,NM,CA,,https://www.nps.gov/tule/index.htm
,,Tule Springs Fossil Beds,NM,NV,,https://www.nps.gov/tusk/
,,Tumacácori,NHP,AZ,,http://www.nps.gov/tuma/
,,Tupelo,NB,MS,,http://www.nps.gov/tupe/
,,Tuskegee Airmen,NHS,AL,,http://www.nps.gov/tuai/
,,Tuskegee Institute,NHS,AL,,http://www.nps.gov/tuin/
,,Tuzigoot,NM,AZ,,http://www.nps.gov/tuzi/
,,Ulysses S. Grant,NHS,MO,,http://www.nps.gov/ulsg/
,,Upper Delaware,S&RR,"PA, NY",,http://www.nps.gov/upde/
,,Upper Missouri River Breaks,NM,MT,,https://www.blm.gov/programs/national-conservation-lands/montana-dakotas/upper-missouri-river-breaks
,,Valles Caldera,NPRES,NM,,https://www.nps.gov/vall/
,,Valley Forge,NHP,PA,,http://www.nps.gov/vafo/
,,Vanderbilt Mansion,NHS,NY,,http://www.nps.gov/vama/
,,Vermilion Cliffs,NM,AZ,,https://www.blm.gov/visit/vermilion-cliffs
,,Vicksburg,NMP,"MS, LA",,http://www.nps.gov/vick/
,,Vietnam Veterans,NMEM,DC,,http://www.nps.gov/vive/
,,Virgin Islands,NP,VI,,http://www.nps.gov/viis/
,,Virgin Islands Coral Reef,NM,VI,,http://www.nps.gov/vicr/
,,Voyageurs,NP,MN,,http://www.nps.gov/voya/
,,Waco Mammoth,NM,TX,,https://www.nps.gov/waco/
,,Walnut Canyon,NM,AZ,,http://www.nps.gov/waca/
,,War in the Pacific,NHP,GU,,http://www.nps.gov/wapa/
,,Washington Monument,NMEM,DC,,http://www.nps.gov/wamo/
,,Washita Battlefield,NHS,OK,,http://www.nps.gov/waba/
,,Weir Farm,NHS,CT,,http://www.nps.gov/wefa/
,,Whiskeytown-Shasta-Trinity,NRA,CA,,http://www.nps.gov/whis/
,,White Sands,NP,NM,,http://www.nps.gov/whsa/
,,Whitman Mission,NHS,WA,,https://www.nps.gov/whmi/
,,William Howard Taft,NHS,OH,,http://www.nps.gov/wiho/
,,Wilson’s Creek,NB,MO,,http://www.nps.gov/wicr/
,,Wind Cave,NP,SD,,http://www.nps.gov/wica/
,,Wolf Trap Farm,P,VA,,http://www.nps.gov/wotr/
,,Women’s Rights,NHP,NY,,http://www.nps.gov/wori/
,,World War I,NMEM,DC,,https://www.nps.gov/nama/planyourvisit/National-World-War-I-Memorial.htm
,,World War II,NMEM,DC,,http://www.nps.gov/wwii/
,,Wrangell-St. Elias,NP,AK,,http://www.nps.gov/wrst/
,,Wrangell-St. Elias,NPRES,AK,,https://www.nps.gov/wrst/
,,Wright Brothers,NMEM,NC,,http://www.nps.gov/wrbr/
,,Wupatki,NM,AZ,,http://www.nps.gov/wupa/
,,Yellowstone,NP,"WY, MT, ID",,https://www.nps.gov/yell/
,,Yosemite,NP,CA,,http://www.nps.gov/yose/
,,Yucca House,NM,CO,,http://www.nps.gov/yuho/
,,Yukon-Charley Rivers,NPRES,AK,,http://www.nps.gov/yuch/
,,Zion,NP,UT,,http://www.nps.gov/zion/
